{"cameraMode":{"drawMode":0,"name":"Shaded","section":"Shading Mode"},"sceneLighting":false,"audioPlay":false,"sceneViewState":{"m_AlwaysRefresh":false,"showFog":true,"showSkybox":false,"showFlares":true,"showImageEffects":true,"showParticleSystems":true,"showVisualEffectGraphs":true,"m_FxEnabled":true},"in2DMode":false,"pivot":{"x":1.0417354106903077,"y":1.0286697149276734,"z":0.044791653752326968},"rotation":{"x":-0.07129107415676117,"y":-0.38520345091819765,"z":0.0299836378544569,"w":-0.9198393225669861},"size":0.2337738275527954,"orthographic":true}