{"cameraMode":{"drawMode":0,"name":"Shaded","section":"Shading Mode"},"sceneLighting":false,"audioPlay":false,"sceneViewState":{"m_AlwaysRefresh":false,"showFog":true,"showSkybox":false,"showFlares":true,"showImageEffects":true,"showParticleSystems":true,"showVisualEffectGraphs":true,"m_FxEnabled":true},"in2DMode":false,"pivot":{"x":0.2879999876022339,"y":0.11500000208616257,"z":0.7229999899864197},"rotation":{"x":0.21796318888664246,"y":0.2707412838935852,"z":-0.06320834159851074,"w":0.9356985688209534},"size":5.01245641708374,"orthographic":true}