{"cameraMode":{"drawMode":0,"name":"Shaded","section":"Shading Mode"},"sceneLighting":false,"audioPlay":false,"sceneViewState":{"m_AlwaysRefresh":false,"showFog":true,"showSkybox":false,"showFlares":true,"showImageEffects":true,"showParticleSystems":true,"showVisualEffectGraphs":true,"m_FxEnabled":true},"in2DMode":false,"pivot":{"x":1.2899999618530274,"y":1.0799999237060547,"z":0.06299999356269837},"rotation":{"x":-0.23275522887706757,"y":-0.004638641607016325,"z":0.0011427978752180935,"w":-0.972584068775177},"size":0.4246981739997864,"orthographic":true}