{"cameraMode":{"drawMode":0,"name":"Shaded","section":"Shading Mode"},"sceneLighting":false,"audioPlay":false,"sceneViewState":{"m_AlwaysRefresh":false,"showFog":true,"showSkybox":false,"showFlares":true,"showImageEffects":true,"showParticleSystems":true,"showVisualEffectGraphs":true,"m_FxEnabled":true},"in2DMode":false,"pivot":{"x":0.5573344826698303,"y":-0.22287452220916749,"z":0.08810199797153473},"rotation":{"x":0.14271411299705506,"y":0.6387494206428528,"z":-0.1221974566578865,"w":0.7461573481559753},"size":0.3122478127479553,"orthographic":false}