{"cameraMode":{"drawMode":0,"name":"Shaded","section":"Shading Mode"},"sceneLighting":true,"audioPlay":false,"sceneViewState":{"m_AlwaysRefresh":false,"showFog":true,"showSkybox":true,"showFlares":true,"showImageEffects":true,"showParticleSystems":true,"showVisualEffectGraphs":true,"m_FxEnabled":true},"in2DMode":false,"pivot":{"x":-0.5192680954933167,"y":0.44105997681617739,"z":-2.387545585632324},"rotation":{"x":-0.10273720324039459,"y":0.011118719354271889,"z":-0.001351440092548728,"w":-0.9949283599853516},"size":7.4850029945373539,"orthographic":true}