{"cameraMode":{"drawMode":0,"name":"Shaded","section":"Shading Mode"},"sceneLighting":true,"audioPlay":false,"sceneViewState":{"m_AlwaysRefresh":false,"showFog":true,"showSkybox":true,"showFlares":true,"showImageEffects":true,"showParticleSystems":true,"showVisualEffectGraphs":true,"m_FxEnabled":true},"in2DMode":false,"pivot":{"x":3.169524669647217,"y":0.9743088483810425,"z":5.925318241119385},"rotation":{"x":-0.09227346628904343,"y":-0.02297954447567463,"z":0.0022256614174693825,"w":-0.9958019256591797},"size":6.425328731536865,"orthographic":true}