{"cameraMode":{"drawMode":0,"name":"Shaded","section":"Shading Mode"},"sceneLighting":true,"audioPlay":false,"sceneViewState":{"m_AlwaysRefresh":false,"showFog":true,"showSkybox":true,"showFlares":true,"showImageEffects":true,"showParticleSystems":true,"showVisualEffectGraphs":true,"m_FxEnabled":true},"in2DMode":false,"pivot":{"x":2.123609781265259,"y":1.7709168195724488,"z":6.417707920074463},"rotation":{"x":-0.3193213641643524,"y":-0.0005188302602618933,"z":0.00028104340890422463,"w":-0.9479983448982239},"size":34.22270584106445,"orthographic":true}