{"cameraMode":{"drawMode":0,"name":"Shaded","section":"Shading Mode"},"sceneLighting":true,"audioPlay":false,"sceneViewState":{"m_AlwaysRefresh":false,"showFog":true,"showSkybox":true,"showFlares":true,"showImageEffects":true,"showParticleSystems":true,"showVisualEffectGraphs":true,"m_FxEnabled":true},"in2DMode":false,"pivot":{"x":-0.5192680954933167,"y":0.44105997681617739,"z":-2.387545585632324},"rotation":{"x":-0.34193548560142519,"y":0.010453884489834309,"z":-0.004021391272544861,"w":-0.9399561285972595},"size":38.15000915527344,"orthographic":true}