{"cameraMode":{"drawMode":0,"name":"Shaded","section":"Shading Mode"},"sceneLighting":true,"audioPlay":false,"sceneViewState":{"m_AlwaysRefresh":false,"showFog":true,"showSkybox":true,"showFlares":true,"showImageEffects":true,"showParticleSystems":true,"showVisualEffectGraphs":true,"m_FxEnabled":true},"in2DMode":false,"pivot":{"x":2.2706589698791506,"y":9.816550254821778,"z":-13.887140274047852},"rotation":{"x":0.2733859419822693,"y":-0.0075081209652125839,"z":0.002178218914195895,"w":0.9619580507278442},"size":35.74924850463867,"orthographic":true}