{"cameraMode":{"drawMode":0,"name":"Shaded","section":"Shading Mode"},"sceneLighting":true,"audioPlay":false,"sceneViewState":{"m_AlwaysRefresh":false,"showFog":true,"showSkybox":true,"showFlares":true,"showImageEffects":true,"showParticleSystems":true,"showVisualEffectGraphs":true,"m_FxEnabled":true},"in2DMode":false,"pivot":{"x":-15.418594360351563,"y":-110.62812805175781,"z":-15.354066848754883},"rotation":{"x":-0.6482405066490173,"y":0.010681109502911568,"z":-0.009198583662509919,"w":-0.7613750100135803},"size":89.00454711914063,"orthographic":false}