{"cameraMode":{"drawMode":0,"name":"Shaded","section":"Shading Mode"},"sceneLighting":true,"audioPlay":false,"sceneViewState":{"m_AlwaysRefresh":false,"showFog":true,"showSkybox":true,"showFlares":true,"showImageEffects":true,"showParticleSystems":true,"showVisualEffectGraphs":true,"m_FxEnabled":true},"in2DMode":false,"pivot":{"x":10.768020629882813,"y":0.598182201385498,"z":11.661876678466797},"rotation":{"x":0.13693292438983918,"y":0.8329567313194275,"z":-0.23666547238826753,"w":0.48144063353538515},"size":39.68586730957031,"orthographic":true}