{"cameraMode":{"drawMode":0,"name":"Shaded","section":"Shading Mode"},"sceneLighting":false,"audioPlay":false,"sceneViewState":{"m_AlwaysRefresh":false,"showFog":true,"showSkybox":false,"showFlares":true,"showImageEffects":true,"showParticleSystems":true,"showVisualEffectGraphs":true,"m_FxEnabled":true},"in2DMode":false,"pivot":{"x":0.2879999279975891,"y":-0.6850000023841858,"z":1.1100001335144044},"rotation":{"x":-0.22207015752792359,"y":-0.323981374502182,"z":0.07904785126447678,"w":-0.9164966940879822},"size":0.7076610326766968,"orthographic":true}