{"cameraMode":{"drawMode":0,"name":"Shaded","section":"Shading Mode"},"sceneLighting":false,"audioPlay":false,"sceneViewState":{"m_AlwaysRefresh":false,"showFog":true,"showSkybox":false,"showFlares":true,"showImageEffects":true,"showParticleSystems":true,"showVisualEffectGraphs":true,"m_FxEnabled":true},"in2DMode":false,"pivot":{"x":0.041940510272979739,"y":1.56809401512146,"z":-3.9511423110961916},"rotation":{"x":-0.0053719147108495239,"y":0.13669461011886598,"z":-0.0005736445309594274,"w":-0.990837037563324},"size":1.4054319858551026,"orthographic":true}