{"cameraMode":{"drawMode":0,"name":"Shaded","section":"Shading Mode"},"sceneLighting":false,"audioPlay":false,"sceneViewState":{"m_AlwaysRefresh":false,"showFog":true,"showSkybox":false,"showFlares":true,"showImageEffects":true,"showParticleSystems":true,"showVisualEffectGraphs":true,"m_FxEnabled":true},"in2DMode":false,"pivot":{"x":0.40960294008255007,"y":-0.283302366733551,"z":1.2704310417175294},"rotation":{"x":-0.11011761426925659,"y":-0.42586764693260195,"z":0.05280553922057152,"w":-0.8967814445495606},"size":0.7076610326766968,"orthographic":true}