{"cameraMode":{"drawMode":0,"name":"Shaded","section":"Shading Mode"},"sceneLighting":false,"audioPlay":false,"sceneViewState":{"m_AlwaysRefresh":false,"showFog":true,"showSkybox":false,"showFlares":true,"showImageEffects":true,"showParticleSystems":true,"showVisualEffectGraphs":true,"m_FxEnabled":true},"in2DMode":false,"pivot":{"x":-0.14636677503585816,"y":1.9668529033660889,"z":-3.962292432785034},"rotation":{"x":-0.16957217454910279,"y":-0.020037876442074777,"z":0.0039221616461873058,"w":-0.9855564832687378},"size":1.4054319858551026,"orthographic":true}